{
    "providers": [
        {
            "type": "bitmap",
            "file": "minecraft:item/apple.png",
            "ascent": 9,
            "height": 9,
            "chars": ["\uE000"]
        },
        {
            "type": "bitmap",
            "file": "minecraft:custom/rw_mini.png",
            "ascent": 9,
            "height": 9,
            "chars": ["\uE001"]
        },
        {
            "type": "ttf",
            "file": "minecraft:negative_spaces.ttf",
            "shift": [0.0, 0.0],
            "size": 10.0,
            "oversample": 1.0
        }
    ]
}